node,op_type,nvm_read_inputs,nvm_read_weights,nvm_jobs,total_data_transfer_energy_cost,EC_MAC,EC_ADD,total_computation_energy_cost
0,CONV,0.001401498,0.0007627199999999999,0.0005892152,0.0027534331999999996,0.016356682857367372,0.0012341848615384646,0.017590867718905837
1,CONV,0.017131519999999997,0.06852608,0.00013467776,0.08579227776,0.0047969999127658505,0.00028209939692307764,0.005079099309688928
2,FC,5.398399999999998e-05,0.0008637440000000001,1.20248e-06,0.00091893048,3.848568330149044e-05,4.407803076923088e-07,3.892646360918275e-05
3,FC,6.32e-07,8.0896e-05,9.61984e-06,9.114784e-05,7.756125192157696e-06,1.2593723076923108e-07,7.882062422926928e-06
4,FC,4.2559999999999996e-06,5.1071999999999995e-05,9.0186e-07,5.622986e-05,3.3135199873783682e-06,4.722646153846166e-08,3.36074644891683e-06
