node,op_type,nvm_read_inputs,nvm_read_weights,nvm_jobs,total_data_transfer_energy_cost,EC_MAC,EC_ADD,total_computation_energy_cost
0,CONV,0.001401498,0.0005774879999999999,0.0005892152,0.0025682012,0.012384345592006725,0.0009344542523076946,0.01331879984431442
1,CONV,0.017131519999999997,0.033039360000000004,0.00013467776,0.05030555776,0.0023128392436549635,0.00013601220923076956,0.002448851452885733
2,FC,5.398399999999998e-05,0.000686368,1.20248e-06,0.00074155448,3.058237333779151e-05,3.502629230769239e-07,3.093263626086843e-05
3,FC,6.32e-07,7.0784e-05,9.61984e-06,8.103584e-05,6.786609543137984e-06,1.101950769230772e-07,6.896804620061062e-06
4,FC,4.2559999999999996e-06,5.1071999999999995e-05,9.0186e-07,5.622986e-05,3.3135199873783682e-06,4.722646153846166e-08,3.36074644891683e-06
