node,op_type,nvm_read_inputs,nvm_read_weights,nvm_jobs,total_data_transfer_energy_cost,EC_MAC,EC_ADD,total_computation_energy_cost
0,CONV,0.001401498,0.0005992799999999999,0.0005892152,0.0025899931999999997,0.012851679387931508,0.0009697166769230791,0.013821396064854587
1,CONV,0.017131519999999997,0.052862976,0.00013467776,0.07012917375999998,0.0037005427898479416,0.00021761953476923132,0.003918162324617173
2,FC,5.398399999999998e-05,0.000709504,1.20248e-06,0.00076469048,3.161323985479572e-05,3.6206953846153934e-07,3.1975309393257255e-05
3,FC,6.32e-07,7.0784e-05,9.61984e-06,8.103584e-05,6.786609543137984e-06,1.101950769230772e-07,6.896804620061062e-06
4,FC,4.2559999999999996e-06,5.1071999999999995e-05,9.0186e-07,5.622986e-05,3.3135199873783682e-06,4.722646153846166e-08,3.36074644891683e-06
