node,op_type,nvm_read_inputs,nvm_read_weights,nvm_jobs,total_data_transfer_energy_cost,EC_MAC,EC_ADD,total_computation_energy_cost
0,CONV,0.001401498,0.0005529719999999999,0.0005892152,0.0025436851999999996,0.011858595071591347,0.0008947840246153867,0.012753379096206734
1,CONV,0.017131519999999997,0.034752512,0.00013467776,0.05201870976,0.00243276424147411,0.0001430646941538465,0.0025758289356279562
2,FC,5.398399999999998e-05,0.00065552,1.20248e-06,0.00071070648,2.9207884648452563e-05,3.3452076923077004e-07,2.954240541768333e-05
3,FC,6.32e-07,7.584e-05,9.61984e-06,8.609184e-05,7.271367367647841e-06,1.1806615384615413e-07,7.3894335214939946e-06
4,FC,4.2559999999999996e-06,5.1071999999999995e-05,9.0186e-07,5.622986e-05,3.3135199873783682e-06,4.722646153846166e-08,3.36074644891683e-06
