node,op_type,nvm_read_inputs,nvm_read_weights,nvm_jobs,total_data_transfer_energy_cost,EC_MAC,EC_ADD,total_computation_energy_cost
0,CONV,0.001401498,0.000604728,0.0005892152,0.0025954411999999996,0.012968512836912704,0.0009785322830769255,0.01394704511998963
1,CONV,0.017131519999999997,0.053352448000000004,0.00013467776,0.07061864576,0.0037348070749391262,0.000219634530461539,0.003954441605400665
2,FC,5.398399999999998e-05,0.000701792,1.20248e-06,0.00075697848,3.126961768246098e-05,3.581340000000009e-07,3.162775168246098e-05
3,FC,6.32e-07,7.584e-05,9.61984e-06,8.609184e-05,7.271367367647841e-06,1.1806615384615413e-07,7.3894335214939946e-06
4,FC,4.2559999999999996e-06,5.1071999999999995e-05,9.0186e-07,5.622986e-05,3.3135199873783682e-06,4.722646153846166e-08,3.36074644891683e-06
