node,op_type,nvm_read_inputs,nvm_read_weights,nvm_jobs,total_data_transfer_energy_cost,EC_MAC,EC_ADD,total_computation_energy_cost
0,CONV,0.00017277,3.1896e-05,0.00013603200000000001,0.000340698,0.00018128732812795393,1.8134961230769276e-05,0.0001994222893587232
1,CONV,0.000203056,6.5856e-05,0.00013603200000000001,0.000404944,0.00013705714036473858,1.2089974153846184e-05,0.00014914711451858475
2,CONV,0.000311752,0.000154704,0.00013603200000000001,0.000602488,0.00011427294949655975,8.31185723076925e-06,0.000122584806727329
3,FC,4.1712000000000064e-05,0.000226256,7.4097e-07,0.00026870897000000007,3.998784837720355e-05,7.044613846153864e-07,4.069230976181894e-05
