node,op_type,nvm_read_inputs,nvm_read_weights,nvm_jobs,total_data_transfer_energy_cost,EC_MAC,EC_ADD,total_computation_energy_cost
0,CONV,0.00017277,3.1896e-05,0.00013603200000000001,0.000340698,0.00018128732812795393,1.8134961230769276e-05,0.0001994222893587232
1,CONV,0.000203056,4.116e-05,0.00013603200000000001,0.000380248,8.566071272796161e-05,7.556233846153865e-06,9.321694657411547e-05
2,CONV,0.00026721599999999997,9.8448e-05,0.00013603200000000001,0.000501696,7.271914967962893e-05,5.289363692307706e-06,7.800851337193664e-05
3,FC,4.1712000000000064e-05,0.000226256,7.4097e-07,0.00026870897000000007,3.998784837720355e-05,7.044613846153864e-07,4.069230976181894e-05
