node,op_type,nvm_read_inputs,nvm_read_weights,nvm_jobs,total_data_transfer_energy_cost,EC_MAC,EC_ADD,total_computation_energy_cost
0,CONV,0.00017277,2.658e-05,0.00013603200000000001,0.000335382,0.0001510727734399616,1.511246769230773e-05,0.00016618524113226933
1,CONV,0.00025382,7.4088e-05,0.00013603200000000001,0.00046394,0.0001541892829103309,1.3601220923076957e-05,0.00016779050383340785
2,CONV,0.000311752,0.00014063999999999998,0.00013603200000000001,0.0005884239999999999,0.00010388449954232704,7.556233846153865e-06,0.0001114407333884809
3,FC,4.487200000000008e-05,0.00023384000000000002,7.4097e-07,0.0002794529700000001,4.132822318314334e-05,7.280746153846171e-07,4.2056297798527955e-05
