node,op_type,nvm_read_inputs,nvm_read_weights,nvm_jobs,total_data_transfer_energy_cost,EC_MAC,EC_ADD,total_computation_energy_cost
0,CONV,0.00017277,3.1896e-05,0.00013603200000000001,0.000340698,0.00018128732812795393,1.8134961230769276e-05,0.0001994222893587232
1,CONV,0.000304584,9.0552e-05,0.00013603200000000001,0.000531168,0.00018845356800151555,1.66237144615385e-05,0.00020507728246305405
2,CONV,0.0004898959999999999,0.000225024,0.00013603200000000001,0.0008509519999999999,0.00016621519926772327,1.2089974153846184e-05,0.00017830517342156944
3,FC,4.5504000000000085e-05,0.00024648000000000004,7.4097e-07,0.00029272497000000015,4.356218119304298e-05,7.674300000000018e-07,4.432961119304298e-05
