node,op_type,nvm_read_inputs,nvm_read_weights,nvm_jobs,total_data_transfer_energy_cost,EC_MAC,EC_ADD,total_computation_energy_cost
0,CONV,0.00017277,2.658e-05,0.00013603200000000001,0.000335382,0.0001510727734399616,1.511246769230773e-05,0.00016618524113226933
1,CONV,0.000203056,6.5856e-05,0.00013603200000000001,0.000404944,0.00013705714036473858,1.2089974153846184e-05,0.00014914711451858475
2,CONV,0.00022267999999999998,9.8448e-05,0.00013603200000000001,0.00045715999999999997,7.271914967962893e-05,5.289363692307706e-06,7.800851337193664e-05
3,FC,4.1712000000000064e-05,0.000219936,7.4097e-07,0.0002623889700000001,3.887086937225374e-05,6.84783692307694e-07,3.955565306456143e-05
