node,op_type,nvm_read_inputs,nvm_read_weights,nvm_jobs,total_data_transfer_energy_cost,EC_MAC,EC_ADD,total_computation_energy_cost
0,CONV,0.00017277,2.658e-05,0.00013603200000000001,0.000335382,0.0001510727734399616,1.511246769230773e-05,0.00016618524113226933
1,CONV,0.000203056,6.5856e-05,0.00013603200000000001,0.000404944,0.00013705714036473858,1.2089974153846184e-05,0.00014914711451858475
2,CONV,0.00040082399999999993,0.000196896,0.00013603200000000001,0.000733752,0.00014543829935925785,1.0578727384615411e-05,0.00015601702674387328
3,FC,4.487200000000008e-05,0.00022372800000000002,7.4097e-07,0.00026934097000000016,3.954105677522363e-05,6.965903076923094e-07,4.023764708291594e-05
