node,op_type,nvm_read_inputs,nvm_read_weights,nvm_jobs,total_data_transfer_energy_cost,EC_MAC,EC_ADD,total_computation_energy_cost
0,CONV,0.00017277,2.658e-05,0.00013603200000000001,0.000335382,0.0001510727734399616,1.511246769230773e-05,0.00016618524113226933
1,CONV,0.000203056,3.2928e-05,0.00013603200000000001,0.00037201599999999997,6.852857018236929e-05,6.044987076923092e-06,7.457355725929237e-05
2,CONV,0.00022267999999999998,8.4384e-05,0.00013603200000000001,0.000443096,6.233069972539623e-05,4.533740307692319e-06,6.686444003308856e-05
3,FC,4.487200000000008e-05,0.00022246400000000002,7.4097e-07,0.0002680769700000001,3.931766097423366e-05,6.926547692307709e-07,4.001031574346443e-05
