node,op_type,nvm_read_inputs,nvm_read_weights,nvm_jobs,total_data_transfer_energy_cost,EC_MAC,EC_ADD,total_computation_energy_cost
0,CONV,0.00017277,3.1896e-05,0.00013603200000000001,0.000340698,0.00018128732812795393,1.8134961230769276e-05,0.0001994222893587232
1,CONV,0.000304584,8.232e-05,0.00013603200000000001,0.000522936,0.00017132142545592323,1.511246769230773e-05,0.00018643389314823095
2,CONV,0.0004898959999999999,0.000225024,0.00013603200000000001,0.0008509519999999999,0.00016621519926772327,1.2089974153846184e-05,0.00017830517342156944
3,FC,4.5504000000000085e-05,0.000250272,7.4097e-07,0.0002965169700000001,4.423236859601287e-05,7.792366153846173e-07,4.5011605211397484e-05
