node,op_type,nvm_read_inputs,nvm_read_weights,nvm_jobs,total_data_transfer_energy_cost,EC_MAC,EC_ADD,total_computation_energy_cost
0,CONV,0.00017277,3.1896e-05,0.00013603200000000001,0.000340698,0.00018128732812795393,1.8134961230769276e-05,0.0001994222893587232
1,CONV,0.000304584,9.8784e-05,0.00013603200000000001,0.0005394,0.00020558571054710785,1.8134961230769276e-05,0.00022372067177787712
2,CONV,0.0005344319999999998,0.000337536,0.00013603200000000001,0.0010079999999999998,0.0002493227989015849,1.8134961230769276e-05,0.0002674577601323542
3,FC,4.5504000000000085e-05,0.000273024,7.4097e-07,0.00031926897000000013,4.8253493013832226e-05,8.500763076923097e-07,4.9103569321524536e-05
