node,op_type,nvm_read_inputs,nvm_read_weights,nvm_jobs,total_data_transfer_energy_cost,EC_MAC,EC_ADD,total_computation_energy_cost
0,CONV,0.00017277,2.1264e-05,0.00013603200000000001,0.000330066,0.00012085821875196928,1.2089974153846184e-05,0.00013294819290581548
1,CONV,0.000203056,4.9392e-05,0.00013603200000000001,0.00038848,0.00010279285527355393,9.067480615384638e-06,0.00011186033588893856
2,CONV,0.00022267999999999998,0.000112512,0.00013603200000000001,0.000471224,8.310759963386164e-05,6.044987076923092e-06,8.915258671078472e-05
3,FC,4.1712000000000064e-05,0.00021740800000000002,7.4097e-07,0.0002598609700000001,3.8424077770273806e-05,6.769126153846171e-07,3.910099038565842e-05
